top_1_value,top_2_value,top_3_value,top_4_value,top_5_value
0.0651896,0.058297377,0.033531215,0.033335526,0.030026138
0.051379826,0.028544117,0.022638045,0.018658826,0.01589752
